rank,gold medals,silver medals,bronze medals
1,0.343,461,3993
2,0.403,454,2494
3,0.057,91,8727
4,0.44,567,4456
5,0.06,39,1447
6,0.098,110,1275
7,0.052000000000000005,52,367
8,0.066,29,860
9,0.10300000000000001,33,875
10,0.138,206,1060
11,0.067,32,639
12,0.063,42,448
13,0.10300000000000001,115,495
14,0.147,148,892
15,0.065,37,475
16,0.074,61,376
17,0.074,46,586
18,0.05,38,420
19,0.09,90,598
20,0.006,6,1103
21,0.056,39,431
22,0.021,13,1033
23,0.003,2,1399
24,0.069,62,447
25,0.06,53,454
26,0.035,52,484
27,0.099,115,444
28,0.068,81,628
29,0.008,8,1357
30,0.023,9,692
31,0.034,23,303
32,0.121,125,512
33,0.034,24,169
34,0.061,45,416
35,0.112,78,673
36,0.037,40,665
37,0.058,53,412
38,0.024,33,789
39,0.038,34,287
40,0.005,11,770
41,0.032,27,660
42,0.106,118,515
43,0.056,25,91
44,0.007,4,1671
45,0.055,44,414
46,0.011,21,656
47,0.002,3,1290
48,0.078,63,650
49,0.044,46,415
50,0.037,24,192
51,0.002,1,969
52,0.038,63,178
53,0.046,60,440
54,0.028,23,197
55,0.042,30,307
56,0.026000000000000002,30,543
57,0.012,14,571
58,0.061,67,569
59,0.062,73,423
60,0.154,167,721
61,0.051000000000000004,29,438
62,0.054,77,416
63,0.053,34,230
64,0.012,18,372
65,0.018000000000000002,4,603
66,0.033,36,56
67,0.03,25,244
68,0.046,55,709
69,0.049,25,204
70,0.035,46,75
71,0.007,4,841
72,0.029,27,440
73,0.023,30,315
74,0.018000000000000002,10,270
75,0.024,31,230
76,0.039,51,276
77,0.051000000000000004,78,566
78,0.057,73,868
79,0.022,25,418
80,0.033,20,189
81,0.018000000000000002,19,624
82,0.003,0,780
83,0.07200000000000001,80,588
84,0.023,41,324
85,0.042,22,44
86,0.093,85,711
87,0.007,2,695
88,0.018000000000000002,29,121
89,0.051000000000000004,124,704
90,0.062,64,245
91,0.029,35,69
92,0.013000000000000001,14,321
93,0.018000000000000002,36,606
94,0.019,13,386
95,0.034,37,467
96,0.017,24,149
97,0.037,21,433
98,0.07,61,393
99,0.049,35,303
100,0.004,5,688
101,0.016,59,492
102,0.049,68,237
103,0.022,23,124
104,0.023,44,570
105,0.027,23,90
106,0.001,1,540
107,0.021,11,117
108,0.08,94,629
109,0.016,58,227
110,0.036000000000000004,32,290
111,0.023,15,189
112,0.038,20,296
113,0.006,17,176
114,0.003,6,886
115,0.004,4,613
116,0.024,23,364
117,0.01,10,180
118,0.005,17,587
119,0.02,8,350
120,0.016,12,448
121,0.05,62,436
122,0.011,27,796
123,0.056,58,419
124,0.011,45,294
125,0.019,13,236
126,0.03,25,152
127,0.084,129,826
128,0.004,1,686
129,0.005,3,693
130,0.016,8,52
131,0.035,24,167
132,0.036000000000000004,27,213
133,0.02,12,134
134,0.029,39,482
135,0.014,49,176
136,0.0,0,520
137,0.014,34,655
138,0.044,44,283
139,0.003,21,492
140,0.002,1,453
141,0.001,0,503
142,0.003,2,1086
143,0.014,32,143
144,0.026000000000000002,21,18
145,0.009000000000000001,18,149
146,0.016,3,204
147,0.016,25,437
148,0.036000000000000004,22,186
149,0.052000000000000005,30,453
150,0.001,1,542
151,0.014,17,221
152,0.004,13,298
153,0.031,38,218
154,0.031,39,913
155,0.022,9,54
156,0.01,17,135
157,0.01,16,206
158,0.004,5,534
159,0.026000000000000002,37,349
160,0.024,26,210
161,0.012,9,286
162,0.009000000000000001,10,519
163,0.02,11,144
164,0.007,15,221
165,0.0,2,578
166,0.005,10,214
167,0.026000000000000002,18,365
168,0.018000000000000002,36,302
169,0.001,0,487
170,0.001,3,429
171,0.022,25,75
172,0.019,10,111
173,0.013000000000000001,15,128
174,0.027,19,100
175,0.001,1,449
176,0.008,19,93
177,0.012,8,56
178,0.035,57,577
179,0.057,97,383
180,0.013000000000000001,8,119
181,0.01,3,127
182,0.005,6,239
183,0.02,10,57
184,0.014,12,182
185,0.01,12,332
186,0.0,1,466
187,0.029,30,322
188,0.008,3,47
189,0.003,10,188
190,0.017,15,141
191,0.026000000000000002,25,93
192,0.026000000000000002,30,163
193,0.019,12,94
194,0.03,57,512
195,0.016,16,132
196,0.018000000000000002,23,514
197,0.014,19,169
198,0.008,3,316
199,0.009000000000000001,19,103
200,0.003,8,303
201,0.002,3,351
202,0.009000000000000001,9,436
203,0.009000000000000001,10,196
204,0.018000000000000002,21,94
205,0.011,16,66
206,0.073,83,438
207,0.021,11,338
208,0.015,8,86
209,0.003,13,222
210,0.0,0,481
211,0.023,26,46
212,0.018000000000000002,10,301
213,0.07100000000000001,90,596
214,0.034,51,407
215,0.027,25,102
216,0.025,18,183
217,0.011,18,90
218,0.009000000000000001,16,248
219,0.019,17,80
220,0.0,2,812
221,0.012,16,73
222,0.009000000000000001,18,222
223,0.026000000000000002,31,240
224,0.014,6,37
225,0.019,18,242
226,0.011,15,138
227,0.005,8,205
228,0.057,21,681
229,0.0,0,312
230,0.0,3,618
231,0.019,6,47
232,0.0,0,499
233,0.009000000000000001,22,166
234,0.015,25,215
235,0.044,43,215
236,0.016,7,131
237,0.026000000000000002,26,153
238,0.019,6,77
239,0.028,30,188
240,0.028,30,151
241,0.015,28,134
242,0.008,9,133
243,0.011,9,95
244,0.005,7,226
245,0.016,24,244
246,0.016,9,47
247,0.005,4,47
248,0.0,1,613
249,0.01,4,98
250,0.0,2,372
251,0.007,7,55
252,0.007,2,53
253,0.005,5,296
254,0.007,7,342
255,0.014,16,162
256,0.005,3,43
257,0.002,2,189
258,0.0,2,587
259,0.012,38,359
260,0.06,70,728
261,0.033,32,91
262,0.015,29,169
263,0.009000000000000001,6,170
264,0.007,13,137
265,0.0,0,329
266,0.001,0,353
267,0.01,9,116
268,0.01,16,104
269,0.012,15,151
270,0.009000000000000001,25,262
271,0.001,2,288
272,0.001,0,241
273,0.016,8,114
274,0.023,29,410
275,0.009000000000000001,11,155
276,0.01,19,237
277,0.018000000000000002,27,419
278,0.076,112,782
279,0.007,16,110
280,0.001,5,241
281,0.011,13,136
282,0.006,14,258
283,0.011,9,52
284,0.004,8,135
285,0.011,13,60
286,0.005,4,41
287,0.0,0,402
288,0.0,1,384
289,0.006,12,139
290,0.009000000000000001,7,129
291,0.007,7,111
292,0.007,5,104
293,0.011,6,68
294,0.005,4,55
295,0.001,10,535
296,0.03,37,274
297,0.002,8,257
298,0.051000000000000004,28,428
299,0.025,28,140
300,0.011,5,65
301,0.022,32,251
302,0.002,8,226
303,0.002,4,166
304,0.001,9,193
305,0.0,2,221
306,0.001,7,232
307,0.031,43,227
308,0.015,22,129
309,0.002,4,218
310,0.04,44,249
311,0.015,19,286
312,0.007,9,173
313,0.007,13,137
314,0.01,15,127
315,0.009000000000000001,5,114
316,0.031,42,235
317,0.014,8,36
318,0.013000000000000001,13,75
319,0.012,3,54
320,0.0,0,451
321,0.007,6,184
322,0.003,1,176
323,0.014,13,139
324,0.011,15,140
325,0.0,0,288
326,0.007,1,55
327,0.023,45,432
328,0.002,5,160
329,0.005,4,56
330,0.008,8,70
331,0.0,4,232
332,0.012,8,85
333,0.006,14,103
334,0.015,3,98
335,0.019,17,260
336,0.008,6,77
337,0.004,4,162
338,0.029,25,88
339,0.008,7,217
340,0.013000000000000001,16,223
341,0.007,12,157
342,0.011,19,132
343,0.051000000000000004,42,465
344,0.012,13,154
345,0.006,3,151
346,0.002,4,326
347,0.014,16,157
348,0.008,4,66
349,0.007,6,100
350,0.007,8,210
351,0.008,11,182
352,0.004,11,109
353,0.002,5,139
354,0.008,14,117
355,0.02,26,219
356,0.001,10,164
357,0.001,3,158
358,0.006,7,124
359,0.01,11,129
360,0.036000000000000004,50,175
361,0.01,9,177
362,0.003,2,195
363,0.006,7,55
364,0.015,15,102
365,0.003,13,315
366,0.0,1,494
367,0.032,40,222
368,0.0,14,472
369,0.003,11,116
370,0.004,2,104
371,0.026000000000000002,47,247
372,0.0,0,370
373,0.0,2,414
374,0.027,19,120
375,0.009000000000000001,4,50
376,0.001,1,269
377,0.02,15,86
378,0.014,13,86
379,0.011,9,344
380,0.006,13,50
381,0.003,6,84
382,0.007,8,101
383,0.001,1,196
384,0.009000000000000001,10,77
385,0.005,1,56
386,0.004,14,60
387,0.012,23,277
388,0.013000000000000001,7,275
389,0.003,8,102
390,0.0,1,305
391,0.018000000000000002,13,115
392,0.008,4,156
393,0.012,18,216
394,0.008,6,213
395,0.005,8,136
396,0.0,3,208
397,0.002,5,145
398,0.009000000000000001,8,166
399,0.019,37,152
400,0.004,5,246
401,0.004,6,64
402,0.004,19,235
403,0.012,10,148
404,0.001,1,209
405,0.003,2,125
406,0.005,4,45
407,0.0,0,263
408,0.011,17,50
409,0.019,27,122
410,0.005,6,41
411,0.001,1,187
412,0.006,7,71
413,0.003,15,92
414,0.007,4,67
415,0.005,4,761
416,0.003,2,351
417,0.012,10,69
418,0.019,24,334
419,0.0,0,348
420,0.002,13,124
421,0.007,4,107
422,0.004,4,160
423,0.0,0,171
424,0.003,7,91
425,0.003,13,77
426,0.008,7,316
427,0.012,16,160
428,0.001,1,175
429,0.003,3,347
430,0.001,0,281
431,0.013000000000000001,6,231
432,0.02,20,152
433,0.004,2,130
434,0.006,3,163
435,0.007,10,146
436,0.003,5,133
437,0.003,6,347
438,0.005,3,100
439,0.004,3,106
440,0.001,3,126
441,0.011,13,146
442,0.016,14,139
443,0.002,1,252
444,0.003,1,92
445,0.0,1,303
446,0.004,8,84
447,0.013000000000000001,20,73
448,0.013000000000000001,31,860
449,0.0,3,150
450,0.005,8,41
451,0.012,13,65
452,0.015,6,120
453,0.007,14,176
454,0.015,35,220
455,0.018000000000000002,13,99
456,0.01,3,113
457,0.002,3,131
458,0.004,11,74
459,0.01,17,126
460,0.026000000000000002,23,127
461,0.002,2,105
462,0.007,4,128
463,0.001,6,270
464,0.007,2,49
465,0.011,4,137
466,0.018000000000000002,39,188
467,0.003,8,68
468,0.036000000000000004,27,202
469,0.015,18,147
470,0.051000000000000004,26,177
471,0.007,14,181
472,0.0,0,170
473,0.011,10,74
474,0.003,5,57
475,0.001,1,283
476,0.001,8,159
477,0.006,9,86
478,0.013000000000000001,18,188
479,0.002,3,146
480,0.01,28,79
481,0.007,6,110
482,0.004,12,62
483,0.008,12,165
484,0.003,1,96
485,0.0,0,207
486,0.003,9,62
487,0.008,8,77
488,0.003,4,86
489,0.009000000000000001,4,87
490,0.008,10,101
491,0.014,5,59
492,0.001,1,326
493,0.0,4,134
494,0.009000000000000001,5,58
495,0.006,4,70
496,0.008,7,109
497,0.004,10,133
498,0.004,12,76
499,0.009000000000000001,27,149
500,0.006,10,174
501,0.006,13,60
502,0.004,4,54
503,0.002,3,146
504,0.003,7,71
505,0.007,16,145
506,0.014,9,53
507,0.003,8,80
508,0.001,11,84
509,0.005,9,83
510,0.033,50,254
511,0.02,34,305
512,0.004,20,210
513,0.001,0,156
514,0.0,0,192
515,0.002,4,111
516,0.002,4,187
517,0.0,2,253
518,0.005,3,104
519,0.002,3,57
520,0.002,1,106
521,0.01,13,169
522,0.003,6,214
523,0.0,1,312
524,0.0,4,129
525,0.006,14,423
526,0.0,0,204
527,0.003,3,129
528,0.004,15,254
529,0.002,5,272
530,0.004,4,89
531,0.006,4,128
532,0.004,10,150
533,0.005,5,73
534,0.001,5,97
535,0.024,38,172
536,0.005,6,128
537,0.004,10,57
538,0.0,0,176
539,0.019,66,275
540,0.008,8,99
541,0.008,13,526
542,0.0,3,117
543,0.013000000000000001,5,107
544,0.001,4,249
545,0.003,9,54
546,0.001,4,73
547,0.011,10,84
548,0.004,7,93
549,0.002,15,55
550,0.001,2,220
551,0.012,12,178
552,0.011,14,190
553,0.012,8,216
554,0.017,10,88
555,0.007,23,184
556,0.001,7,50
557,0.0,1,115
558,0.006,6,59
559,0.008,7,65
560,0.001,9,301
561,0.004,9,44
562,0.002,0,81
563,0.001,6,67
564,0.01,8,76
565,0.002,5,135
566,0.0,0,270
567,0.023,38,262
568,0.003,8,191
569,0.002,1,232
570,0.0,1,181
571,0.013000000000000001,13,139
572,0.007,7,149
573,0.001,6,170
574,0.001,8,200
575,0.0,0,251
576,0.001,1,108
577,0.0,4,108
578,0.002,6,72
579,0.011,15,49
580,0.032,31,236
581,0.003,5,68
582,0.001,0,134
583,0.0,0,169
584,0.017,13,123
585,0.005,4,58
586,0.001,10,162
587,0.0,1,167
588,0.001,4,125
589,0.01,11,40
590,0.008,18,72
591,0.003,6,89
592,0.002,4,126
593,0.008,28,257
594,0.001,0,108
595,0.003,5,122
596,0.0,4,316
597,0.005,6,246
598,0.004,4,68
599,0.0,1,268
600,0.003,5,44
601,0.005,3,97
602,0.001,8,87
603,0.006,3,58
604,0.004,8,60
605,0.0,3,201
606,0.0,1,120
607,0.002,7,101
608,0.0,2,342
609,0.001,1,141
610,0.004,10,141
611,0.01,14,104
612,0.001,0,119
613,0.007,4,47
614,0.006,15,463
615,0.0,0,187
616,0.006,22,217
617,0.015,8,129
618,0.005,21,138
619,0.002,2,164
620,0.0,0,208
621,0.0,0,270
622,0.033,48,243
623,0.015,21,173
624,0.0,0,132
625,0.002,2,83
626,0.001,4,109
627,0.006,17,215
628,0.019,21,234
629,0.003,8,107
630,0.001,0,102
631,0.005,12,87
632,0.0,5,83
633,0.0,11,53
634,0.0,0,154
635,0.0,5,88
636,0.005,7,39
637,0.001,5,167
638,0.003,5,65
639,0.0,9,59
640,0.006,9,165
641,0.0,2,107
642,0.011,19,254
643,0.005,4,93
644,0.003,0,94
645,0.002,6,112
646,0.0,6,106
647,0.0,2,115
648,0.002,1,74
649,0.0,1,133
650,0.0,1,103
651,0.0,0,130
652,0.002,4,106
653,0.009000000000000001,12,237
654,0.007,4,50
655,0.0,1,165
656,0.007,2,47
657,0.0,5,85
658,0.004,21,166
659,0.002,6,50
660,0.0,1,238
661,0.001,3,284
662,0.004,4,52
663,0.0,1,112
664,0.041,63,286
665,0.007,9,70
666,0.002,1,93
667,0.004,8,72
668,0.028,44,300
669,0.015,12,52
670,0.006,2,94
671,0.008,18,186
672,0.001,4,112
673,0.004,2,158
674,0.001,1,284
675,0.001,4,148
676,0.001,8,73
677,0.027,26,160
678,0.0,0,133
679,0.003,9,56
680,0.001,2,59
681,0.006,5,55
682,0.006,5,120
683,0.009000000000000001,20,351
684,0.0,2,114
685,0.004,7,139
686,0.001,4,155
687,0.007,12,132
688,0.059000000000000004,93,448
689,0.006,7,70
690,0.014,13,168
691,0.001,10,204
692,0.0,1,231
693,0.001,1,133
694,0.0,2,103
695,0.002,7,42
696,0.006,6,46
697,0.0,2,86
698,0.001,7,114
699,0.0,1,112
700,0.0,0,96
701,0.0,0,131
702,0.001,2,78
703,0.003,9,54
704,0.001,1,242
705,0.003,1,80
706,0.005,12,181
707,0.001,3,157
708,0.004,7,58
709,0.003,6,101
710,0.0,0,255
711,0.0,3,112
712,0.0,1,225
713,0.008,5,52
714,0.002,1,410
715,0.008,7,78
716,0.001,10,60
717,0.002,2,103
718,0.005,3,62
719,0.003,2,94
720,0.004,12,334
721,0.002,11,68
722,0.004,2,59
723,0.002,2,68
724,0.001,2,83
725,0.002,0,67
726,0.0,4,99
727,0.002,14,124
728,0.012,15,193
729,0.011,7,117
730,0.005,12,109
731,0.0,4,84
732,0.001,3,178
733,0.008,16,56
734,0.0,0,115
735,0.004,0,54
736,0.0,0,115
737,0.009000000000000001,4,52
738,0.007,23,200
739,0.004,4,185
740,0.007,12,145
741,0.011,11,64
742,0.003,10,212
743,0.01,14,74
744,0.001,3,56
745,0.001,0,124
746,0.001,1,70
747,0.001,3,172
748,0.009000000000000001,15,282
749,0.017,19,226
750,0.007,10,87
751,0.0,3,248
752,0.006,11,41
753,0.0,0,253
754,0.002,1,69
755,0.0,0,87
756,0.0,2,117
757,0.013000000000000001,13,98
758,0.004,3,47
759,0.005,7,70
760,0.002,3,84
761,0.004,2,83
762,0.001,2,143
763,0.009000000000000001,12,189
764,0.009000000000000001,16,98
765,0.001,1,66
766,0.015,17,85
767,0.003,11,41
768,0.004,13,209
769,0.001,3,135
770,0.002,8,245
771,0.0,1,89
772,0.002,5,69
773,0.003,5,153
774,0.012,9,114
775,0.015,13,104
776,0.001,1,77
777,0.004,5,64
778,0.013000000000000001,15,109
779,0.002,6,223
780,0.0,0,96
781,0.009000000000000001,13,362
782,0.001,11,267
783,0.004,3,78
784,0.0,0,120
785,0.002,6,46
786,0.001,1,150
787,0.0,1,85
788,0.0,2,174
789,0.0,1,86
790,0.003,15,145
791,0.002,5,66
792,0.0,9,560
793,0.003,6,104
794,0.006,19,128
795,0.004,5,90
796,0.011,17,170
797,0.003,9,148
798,0.001,3,118
799,0.007,7,53
800,0.001,2,219
801,0.0,1,96
802,0.002,2,49
803,0.009000000000000001,40,419
804,0.001,2,83
805,0.008,6,56
806,0.002,0,150
807,0.003,6,50
808,0.002,3,101
809,0.009000000000000001,7,67
810,0.003,5,58
811,0.0,2,206
812,0.003,6,67
813,0.001,8,108
814,0.004,1,102
815,0.001,1,103
816,0.002,3,68
817,0.0,0,89
818,0.004,6,80
819,0.001,4,54
820,0.0,0,142
821,0.0,0,125
822,0.001,5,111
823,0.0,0,105
824,0.009000000000000001,18,83
825,0.01,12,112
826,0.004,11,227
827,0.012,8,55
828,0.002,12,119
829,0.003,11,81
830,0.006,7,70
831,0.0,0,103
832,0.0,4,59
833,0.002,4,60
834,0.002,0,93
835,0.001,5,52
836,0.001,3,218
837,0.001,1,119
838,0.0,0,161
839,0.0,2,106
840,0.001,1,68
841,0.003,16,54
842,0.003,4,95
843,0.006,10,152
844,0.002,1,56
845,0.001,4,51
846,0.001,6,117
847,0.0,1,90
848,0.0,0,82
849,0.007,10,59
850,0.006,3,45
851,0.015,19,116
852,0.008,10,68
853,0.003,11,91
854,0.006,7,51
855,0.001,0,181
856,0.001,2,54
857,0.003,4,56
858,0.002,5,171
859,0.004,10,162
860,0.002,3,52
861,0.002,0,62
862,0.0,0,148
863,0.002,0,130
864,0.001,2,57
865,0.0,2,72
866,0.008,15,175
867,0.006,8,60
868,0.003,3,160
869,0.004,8,83
870,0.007,3,48
871,0.0,0,236
872,0.0,0,199
873,0.005,7,150
874,0.004,2,67
875,0.001,1,58
876,0.001,2,49
877,0.0,0,75
878,0.011,14,106
879,0.012,12,579
880,0.001,2,90
881,0.011,9,99
882,0.0,1,69
883,0.001,7,158
884,0.002,0,84
885,0.001,2,57
886,0.009000000000000001,26,235
887,0.009000000000000001,17,95
888,0.01,7,110
889,0.006,8,54
890,0.007,28,137
891,0.001,7,60
892,0.001,1,92
893,0.001,0,72
894,0.0,0,114
895,0.0,2,71
896,0.0,0,69
897,0.0,1,122
898,0.0,1,98
899,0.0,1,71
900,0.012,9,112
901,0.001,3,69
902,0.0,1,217
903,0.001,1,86
904,0.0,0,73
905,0.001,3,123
906,0.003,5,83
907,0.001,1,64
908,0.0,1,132
909,0.001,0,71
910,0.001,1,54
911,0.001,2,61
912,0.001,1,70
913,0.006,4,111
914,0.001,5,99
915,0.003,3,60
916,0.011,15,117
917,0.007,12,105
918,0.001,8,71
919,0.007,4,39
920,0.0,0,134
921,0.0,3,196
922,0.0,1,124
923,0.0,1,94
924,0.0,1,89
925,0.0,2,53
926,0.0,0,230
927,0.004,3,62
928,0.0,0,79
929,0.001,1,89
930,0.0,2,151
931,0.001,1,65
932,0.0,1,72
933,0.002,6,53
934,0.008,6,90
935,0.004,13,119
936,0.004,6,44
937,0.005,3,220
938,0.001,6,224
939,0.0,3,61
940,0.0,0,160
941,0.002,6,162
942,0.002,7,121
943,0.001,1,67
944,0.002,5,57
945,0.01,34,227
946,0.008,11,127
947,0.0,2,314
948,0.0,3,179
949,0.001,32,164
950,0.001,1,54
951,0.007,6,81
952,0.0,4,98
953,0.0,1,76
954,0.008,8,348
955,0.0,7,81
956,0.002,6,89
957,0.001,5,134
958,0.001,5,46
959,0.0,5,75
960,0.003,2,77
961,0.0,0,86
962,0.009000000000000001,11,68
963,0.029,44,338
964,0.001,4,51
965,0.001,4,83
966,0.0,0,176
967,0.002,2,55
968,0.002,6,51
969,0.001,1,51
970,0.0,0,76
971,0.0,0,100
972,0.0,0,107
973,0.004,1,49
974,0.0,7,152
975,0.006,1,78
976,0.003,4,181
977,0.003,2,78
978,0.0,2,128
979,0.001,0,93
980,0.008,17,225
981,0.003,11,110
982,0.003,15,52
983,0.005,7,220
984,0.002,2,196
985,0.003,3,97
986,0.0,0,210
987,0.001,3,49
988,0.0,0,80
989,0.01,55,497
990,0.001,4,52
991,0.012,7,35
992,0.002,3,191
993,0.005,2,44
994,0.001,1,143
995,0.005,3,46
996,0.0,4,87
997,0.0,0,101
998,0.001,3,112
999,0.001,2,144
1000,0.0,0,84
1001,0.0,0,87
1002,0.018000000000000002,18,77
1003,0.008,12,69
1004,0.005,8,75
1005,0.0,5,112
1006,0.001,0,85
1007,0.0,3,63
1008,0.0,3,65
1009,0.005,2,60
1010,0.0,3,53
1011,0.012,18,159
1012,0.001,3,110
1013,0.003,5,57
1014,0.009000000000000001,19,72
1015,0.004,3,57
1016,0.001,10,41
1017,0.001,2,60
1018,0.002,2,70
1019,0.001,0,65
1020,0.0,3,53
1021,0.0,3,108
1022,0.0,0,90
1023,0.0,3,54
1024,0.0,0,50
1025,0.003,8,131
1026,0.003,5,55
1027,0.002,6,197
1028,0.004,8,93
1029,0.003,8,94
1030,0.003,14,136
1031,0.0,0,103
1032,0.002,4,126
1033,0.001,0,49
1034,0.0,0,147
1035,0.001,4,77
1036,0.004,2,96
1037,0.0,0,165
1038,0.002,0,65
1039,0.001,5,65
1040,0.001,7,85
1041,0.001,4,92
1042,0.0,2,229
1043,0.003,5,124
1044,0.002,10,74
1045,0.007,13,206
1046,0.001,5,165
1047,0.0,0,85
1048,0.006,3,104
1049,0.002,6,48
1050,0.001,0,57
1051,0.0,1,54
1052,0.0,0,86
1053,0.012,11,32
1054,0.008,5,45
1055,0.004,9,142
1056,0.0,0,176
1057,0.0,0,265
1058,0.0,2,156
1059,0.001,0,122
1060,0.003,4,59
1061,0.0,2,138
1062,0.0,0,94
1063,0.0,2,51
1064,0.001,2,74
1065,0.002,3,56
1066,0.009000000000000001,10,203
1067,0.004,9,55
1068,0.009000000000000001,13,99
1069,0.008,15,123
1070,0.002,7,92
1071,0.0,1,57
1072,0.0,0,157
1073,0.001,3,64
1074,0.001,8,48
1075,0.003,3,89
1076,0.002,2,54
1077,0.002,1,75
1078,0.001,1,76
1079,0.004,3,54
1080,0.007,3,50
1081,0.001,3,48
1082,0.003,2,46
1083,0.002,0,82
1084,0.001,1,63
1085,0.0,0,66
1086,0.0,2,130
1087,0.005,2,69
1088,0.002,3,191
1089,0.002,4,60
1090,0.0,2,64
1091,0.046,64,315
1092,0.003,6,48
1093,0.005,6,45
1094,0.027,57,504
1095,0.001,3,51
1096,0.002,5,53
1097,0.0,3,71
1098,0.0,2,70
1099,0.0,0,165
1100,0.0,2,63
1101,0.0,0,158
1102,0.001,1,68
1103,0.0,0,131
1104,0.0,0,58
1105,0.003,7,91
1106,0.007,17,74
1107,0.0,1,59
1108,0.004,6,67
1109,0.006,11,136
1110,0.005,3,47
1111,0.006,15,241
1112,0.001,2,51
1113,0.0,1,51
1114,0.0,2,117
1115,0.001,4,106
1116,0.0,0,72
1117,0.003,3,102
1118,0.002,0,87
1119,0.001,0,71
1120,0.0,0,133
1121,0.0,3,67
1122,0.01,15,52
1123,0.004,3,48
1124,0.001,4,63
1125,0.005,11,51
1126,0.0,1,120
1127,0.004,4,68
1128,0.005,11,105
1129,0.001,4,166
1130,0.004,1,74
1131,0.0,1,167
1132,0.002,11,137
1133,0.0,0,100
1134,0.0,0,66
1135,0.0,1,49
1136,0.0,0,77
1137,0.0,3,94
1138,0.0,0,115
1139,0.0,0,156
1140,0.007,3,41
1141,0.007,5,71
1142,0.003,6,81
1143,0.012,17,110
1144,0.004,6,119
1145,0.002,3,77
1146,0.002,1,60
1147,0.0,3,74
1148,0.001,7,68
1149,0.0,2,95
1150,0.0,4,50
1151,0.001,2,78
1152,0.0,0,61
1153,0.009000000000000001,10,174
1154,0.002,2,71
1155,0.0,0,166
1156,0.001,8,46
1157,0.0,3,143
1158,0.001,4,130
1159,0.0,1,134
1160,0.0,0,56
1161,0.002,6,109
1162,0.0,0,142
1163,0.0,6,63
1164,0.002,0,51
1165,0.002,2,94
1166,0.001,3,125
1167,0.0,2,79
1168,0.0,1,117
1169,0.0,0,79
1170,0.0,0,59
1171,0.001,4,61
1172,0.01,13,64
1173,0.007,9,45
1174,0.008,11,35
1175,0.001,5,181
1176,0.0,2,80
1177,0.002,1,112
1178,0.001,0,167
1179,0.001,0,59
1180,0.001,1,70
1181,0.007,12,97
1182,0.003,3,88
1183,0.004,2,48
1184,0.001,0,136
1185,0.003,3,100
1186,0.011,8,111
1187,0.0,4,66
1188,0.0,3,114
1189,0.002,3,252
1190,0.0,3,118
1191,0.001,0,261
1192,0.0,0,148
1193,0.0,0,152
1194,0.0,0,74
1195,0.0,0,69
1196,0.0,0,50
1197,0.0,1,55
1198,0.001,1,68
1199,0.015,30,111
1200,0.0,3,53
1201,0.002,5,63
1202,0.008,9,42
1203,0.004,7,53
1204,0.0,0,160
1205,0.001,2,196
1206,0.0,0,71
1207,0.001,15,118
1208,0.0,2,103
1209,0.001,2,60
1210,0.0,2,54
1211,0.0,3,68
1212,0.0,2,58
1213,0.0,1,96
1214,0.002,3,55
1215,0.0,0,58
1216,0.001,5,128
1217,0.014,9,135
1218,0.005,8,94
1219,0.007,8,148
1220,0.001,8,143
1221,0.001,3,60
1222,0.001,4,125
1223,0.0,0,51
1224,0.0,0,134
1225,0.0,4,112
1226,0.001,2,72
1227,0.0,1,85
1228,0.001,6,74
1229,0.0,1,50
1230,0.024,52,559
1231,0.004,3,54
1232,0.0,3,224
1233,0.005,4,71
1234,0.0,1,139
1235,0.001,1,162
1236,0.0,0,263
1237,0.0,5,111
1238,0.0,1,77
1239,0.005,4,43
1240,0.005,4,55
1241,0.0,0,75
1242,0.0,1,109
1243,0.0,0,67
1244,0.0,2,60
1245,0.0,0,79
1246,0.0,0,66
1247,0.0,0,54
1248,0.0,0,57
1249,0.002,4,108
1250,0.004,2,44
1251,0.008,5,125
1252,0.0,3,106
1253,0.007,7,65
1254,0.0,0,213
1255,0.0,0,146
1256,0.005,4,57
1257,0.004,8,134
1258,0.007,2,115
1259,0.004,6,100
1260,0.004,2,45
1261,0.003,2,85
1262,0.004,7,74
1263,0.0,0,56
1264,0.0,0,83
1265,0.0,0,64
1266,0.0,2,55
1267,0.0,1,62
1268,0.0,0,61
1269,0.0,1,56
1270,0.001,5,74
1271,0.001,5,173
1272,0.001,8,61
1273,0.005,4,63
1274,0.004,5,136
1275,0.003,4,235
1276,0.0,2,183
1277,0.003,3,171
1278,0.0,0,207
1279,0.0,0,111
1280,0.0,0,61
1281,0.002,1,52
1282,0.0,0,160
1283,0.001,1,91
1284,0.001,1,63
1285,0.0,2,96
1286,0.001,0,113
1287,0.0,3,58
1288,0.001,1,89
1289,0.0,0,57
1290,0.009000000000000001,13,145
1291,0.0,3,81
1292,0.005,7,121
1293,0.001,1,83
1294,0.0,1,62
1295,0.002,11,74
1296,0.002,4,139
1297,0.003,3,55
1298,0.007,7,89
1299,0.002,8,71
1300,0.001,1,50
1301,0.0,3,114
1302,0.003,1,130
1303,0.0,1,59
1304,0.001,1,61
1305,0.0,0,62
1306,0.0,3,79
1307,0.0,0,71
1308,0.005,8,63
1309,0.004,12,123
1310,0.005,5,61
1311,0.006,6,54
1312,0.0,0,65
1313,0.007,14,233
1314,0.001,6,107
1315,0.0,0,117
1316,0.0,0,71
1317,0.0,3,156
1318,0.001,7,155
1319,0.001,1,57
1320,0.001,2,71
1321,0.0,1,109
1322,0.0,0,66
1323,0.0,0,104
1324,0.0,0,58
1325,0.0,0,53
1326,0.003,6,205
1327,0.003,7,47
1328,0.004,9,101
1329,0.009000000000000001,12,108
1330,0.002,2,55
1331,0.003,6,77
1332,0.01,4,59
1333,0.001,10,49
1334,0.002,4,66
1335,0.001,5,172
1336,0.0,3,54
1337,0.006,6,127
1338,0.0,2,81
1339,0.005,6,199
1340,0.005,3,124
1341,0.003,0,69
1342,0.001,1,118
1343,0.0,2,122
1344,0.0,3,124
1345,0.001,3,61
1346,0.0,0,66
1347,0.0,0,52
1348,0.0,3,55
1349,0.0,1,60
1350,0.0,0,59
1351,0.007,15,273
1352,0.002,7,85
1353,0.002,6,75
1354,0.0,0,54
1355,0.0,3,80
1356,0.001,5,63
1357,0.004,3,90
1358,0.0,0,53
1359,0.001,3,140
1360,0.0,0,65
1361,0.005,8,225
1362,0.0,3,84
1363,0.0,2,146
1364,0.0,0,77
1365,0.0,0,107
1366,0.0,0,120
1367,0.002,0,71
1368,0.0,0,59
1369,0.0,0,77
1370,0.0,1,58
1371,0.001,5,71
1372,0.002,0,175
1373,0.0,2,50
1374,0.0,0,211
1375,0.007,5,126
1376,0.0,0,103
1377,0.0,7,121
1378,0.0,0,86
1379,0.0,0,147
1380,0.0,0,54
1381,0.0,4,58
1382,0.001,1,136
1383,0.0,1,62
1384,0.0,0,111
1385,0.0,0,61
1386,0.006,10,125
1387,0.001,1,50
1388,0.022,8,47
1389,0.0,3,73
1390,0.007,9,74
1391,0.0,3,80
1392,0.0,0,57
1393,0.001,1,64
1394,0.0,4,55
1395,0.0,0,97
1396,0.002,0,143
1397,0.003,1,47
1398,0.0,4,61
1399,0.0,5,66
1400,0.0,0,54
1401,0.0,0,91
1402,0.0,0,61
1403,0.0,1,57
1404,0.0,0,75
1405,0.0,0,62
1406,0.022,38,112
1407,0.01,8,134
1408,0.001,4,116
1409,0.005,4,47
1410,0.001,5,84
1411,0.0,5,69
1412,0.0,2,50
1413,0.0,2,127
1414,0.0,2,127
1415,0.0,3,146
1416,0.0,3,119
1417,0.0,0,93
1418,0.0,0,57
1419,0.0,1,93
1420,0.0,0,59
1421,0.001,0,62
1422,0.001,0,56
1423,0.0,0,89
1424,0.003,2,58
1425,0.0,5,48
1426,0.001,3,92
1427,0.001,5,91
1428,0.0,3,87
1429,0.001,1,84
1430,0.001,1,116
1431,0.001,0,55
1432,0.0,2,101
1433,0.0,0,109
1434,0.0,0,78
1435,0.0,0,53
1436,0.0,1,53
1437,0.002,4,89
1438,0.007,18,293
1439,0.01,8,103
1440,0.003,3,60
1441,0.0,1,57
1442,0.006,18,103
1443,0.003,4,53
1444,0.001,4,87
1445,0.003,4,111
1446,0.0,2,102
1447,0.004,1,101
1448,0.001,1,76
1449,0.002,2,81
1450,0.0,2,73
1451,0.0,1,56
1452,0.001,3,67
1453,0.0,1,100
1454,0.0,2,112
1455,0.0,0,60
1456,0.003,5,65
1457,0.01,17,210
1458,0.005,2,43
1459,0.0,1,101
1460,0.015,13,83
1461,0.001,0,53
1462,0.006,10,62
1463,0.0,3,53
1464,0.001,4,53
1465,0.0,6,53
1466,0.002,6,142
1467,0.0,1,94
1468,0.002,2,164
1469,0.001,2,70
1470,0.0,1,112
1471,0.0,0,204
1472,0.004,4,115
1473,0.0,0,57
1474,0.003,8,46
1475,0.001,4,67
1476,0.0,0,63
1477,0.0,1,80
1478,0.0,0,97
1479,0.0,1,54
1480,0.0,0,63
1481,0.009000000000000001,10,111
1482,0.01,7,48
1483,0.001,0,53
1484,0.005,6,130
1485,0.001,0,62
1486,0.002,4,60
1487,0.0,0,74
1488,0.002,5,76
1489,0.0,1,105
1490,0.0,0,119
1491,0.002,3,77
1492,0.003,8,94
1493,0.0,0,85
1494,0.001,3,79
1495,0.0,0,122
1496,0.001,0,66
1497,0.0,2,121
1498,0.001,2,57
1499,0.0,0,90
1500,0.001,2,55
1501,0.004,7,143
1502,0.002,2,111
1503,0.0,1,167
1504,0.002,3,167
1505,0.0,2,134
1506,0.001,6,100
1507,0.0,0,54
1508,0.0,3,64
1509,0.009000000000000001,5,69
1510,0.012,12,91
1511,0.009000000000000001,13,127
1512,0.007,16,127
1513,0.0,4,77
1514,0.001,5,161
1515,0.002,6,64
1516,0.005,8,46
1517,0.002,4,52
1518,0.001,3,241
1519,0.005,13,79
1520,0.0,0,89
1521,0.0,1,52
1522,0.001,0,112
1523,0.003,3,46
1524,0.0,0,66
1525,0.0,0,57
1526,0.0,0,74
1527,0.0,0,159
1528,0.001,0,90
1529,0.0,0,117
1530,0.003,2,89
1531,0.0,3,131
1532,0.002,2,53
1533,0.001,1,158
1534,0.001,3,68
1535,0.0,0,69
1536,0.0,0,83
1537,0.0,1,113
1538,0.0,0,57
1539,0.001,1,57
1540,0.0,1,53
1541,0.0,1,62
1542,0.0,1,74
1543,0.0,0,82
1544,0.0,1,98
1545,0.0,1,89
1546,0.0,0,55
1547,0.0,4,64
1548,0.001,6,211
1549,0.001,5,50
1550,0.0,2,81
1551,0.003,13,87
1552,0.007,3,59
1553,0.001,1,117
1554,0.003,2,60
1555,0.0,3,112
1556,0.0,1,104
1557,0.0,0,84
1558,0.001,2,100
1559,0.002,0,92
1560,0.0,0,152
1561,0.0,0,61
1562,0.0,2,61
1563,0.0,0,60
1564,0.0,0,51
1565,0.001,8,83
1566,0.002,4,57
1567,0.001,0,59
1568,0.004,4,49
1569,0.002,5,43
1570,0.0,7,93
1571,0.0,0,87
1572,0.001,5,106
1573,0.0,0,60
1574,0.001,4,103
1575,0.0,0,67
1576,0.002,3,47
1577,0.0,0,58
1578,0.0,4,83
1579,0.0,0,83
1580,0.002,1,90
1581,0.001,1,81
1582,0.0,0,87
1583,0.0,0,65
1584,0.0,0,92
1585,0.0,0,73
1586,0.0,0,67
1587,0.0,5,77
1588,0.015,23,158
1589,0.002,13,460
1590,0.0,5,156
1591,0.001,4,57
1592,0.007,8,55
1593,0.005,5,132
1594,0.0,0,58
1595,0.001,3,57
1596,0.002,4,65
1597,0.0,0,54
1598,0.0,0,67
1599,0.0,0,74
1600,0.0,2,71
1601,0.0,2,104
1602,0.0,10,57
1603,0.0,2,111
1604,0.001,4,89
1605,0.0,0,76
1606,0.001,3,53
1607,0.001,8,43
1608,0.0,0,84
1609,0.0,0,51
1610,0.0,0,93
1611,0.0,0,53
1612,0.0,0,67
1613,0.0,0,65
1614,0.0,0,59
1615,0.004,6,72
1616,0.005,11,56
1617,0.002,9,119
1618,0.009000000000000001,8,85
1619,0.001,4,55
1620,0.007,12,220
1621,0.0,0,401
1622,0.004,4,56
1623,0.002,2,62
1624,0.001,8,98
1625,0.003,2,49
1626,0.001,2,69
1627,0.002,1,51
1628,0.0,2,64
1629,0.001,0,71
1630,0.0,0,107
1631,0.001,3,136
1632,0.0,1,83
1633,0.0,0,95
1634,0.001,0,76
1635,0.0,0,78
1636,0.0,1,53
1637,0.0,0,86
1638,0.0,0,59
1639,0.0,0,53
1640,0.0,0,67
1641,0.0,0,62
1642,0.065,66,283
1643,0.002,8,200
1644,0.006,3,79
1645,0.003,5,55
1646,0.004,8,52
1647,0.002,0,72
1648,0.0,1,163
1649,0.001,5,49
1650,0.002,5,60
1651,0.002,2,50
1652,0.0,0,84
1653,0.0,0,97
1654,0.0,0,104
1655,0.0,0,75
1656,0.004,2,59
1657,0.001,3,74
1658,0.0,0,66
1659,0.002,1,66
1660,0.0,3,55
1661,0.001,1,67
1662,0.002,0,52
1663,0.0,1,55
1664,0.0,0,62
1665,0.0,0,68
1666,0.001,0,65
1667,0.0,0,65
1668,0.0,0,60
1669,0.0,1,61
1670,0.0,0,57
1671,0.0,9,76
1672,0.0,1,83
1673,0.0,0,106
1674,0.006,13,71
1675,0.0,3,51
1676,0.0,0,50
1677,0.0,0,71
1678,0.0,0,50
1679,0.001,0,53
1680,0.001,3,52
1681,0.0,0,77
1682,0.0,0,74
1683,0.0,0,85
1684,0.001,3,58
1685,0.0,0,57
1686,0.0,6,57
1687,0.0,0,51
1688,0.0,1,58
1689,0.001,1,62
1690,0.0,0,82
1691,0.0,0,85
1692,0.0,0,61
1693,0.0,0,72
1694,0.004,14,78
1695,0.02,20,81
1696,0.007,9,50
1697,0.008,10,139
1698,0.0,0,71
1699,0.002,4,156
1700,0.0,0,111
1701,0.004,4,118
1702,0.002,2,158
1703,0.003,3,54
1704,0.0,4,100
1705,0.006,10,39
1706,0.0,0,87
1707,0.003,9,122
1708,0.0,1,82
1709,0.0,1,112
1710,0.0,4,81
1711,0.001,4,76
1712,0.001,0,66
1713,0.0,0,83
1714,0.001,0,106
1715,0.0,0,96
1716,0.001,1,81
1717,0.0,0,123
1718,0.0,0,59
1719,0.0,1,66
1720,0.0,1,52
1721,0.0,3,63
1722,0.0,1,52
1723,0.01,13,37
1724,0.007,7,66
1725,0.005,3,85
1726,0.005,7,41
1727,0.005,13,64
1728,0.0,4,69
1729,0.005,14,129
1730,0.001,2,84
1731,0.0,2,125
1732,0.003,5,49
1733,0.0,1,106
1734,0.001,6,86
1735,0.0,0,73
1736,0.0,0,183
1737,0.0,1,55
1738,0.002,1,102
1739,0.0,1,74
1740,0.001,0,63
1741,0.0,0,61
1742,0.009000000000000001,14,53
1743,0.0,5,262
1744,0.0,0,65
1745,0.0,0,77
1746,0.002,6,133
1747,0.001,7,43
1748,0.002,8,137
1749,0.001,2,127
1750,0.002,1,68
1751,0.0,1,63
1752,0.0,0,130
1753,0.0,2,74
1754,0.003,2,92
1755,0.0,1,49
1756,0.0,0,89
1757,0.0,3,86
1758,0.001,4,68
1759,0.0,0,67
1760,0.0,2,91
1761,0.0,2,63
1762,0.0,1,57
1763,0.0,1,57
1764,0.0,3,47
1765,0.009000000000000001,10,65
1766,0.005,4,72
1767,0.002,1,50
1768,0.0,0,55
1769,0.001,1,89
1770,0.002,6,73
1771,0.004,4,68
1772,0.001,5,57
1773,0.0,1,73
1774,0.001,3,55
1775,0.0,1,79
1776,0.0,3,107
1777,0.0,3,48
1778,0.0,0,77
1779,0.001,0,79
1780,0.0,1,65
1781,0.0,2,67
1782,0.001,1,51
1783,0.0,1,80
1784,0.0,1,105
1785,0.0,1,55
1786,0.0,1,59
1787,0.0,0,53
1788,0.0,0,77
1789,0.0,0,54
1790,0.0,0,57
1791,0.0,7,69
1792,0.001,2,61
1793,0.002,7,74
1794,0.002,1,65
1795,0.0,1,59
1796,0.005,1,67
1797,0.0,0,58
1798,0.001,1,133
1799,0.001,4,143
1800,0.0,2,50
1801,0.0,1,89
1802,0.0,1,124
1803,0.0,0,147
1804,0.0,0,58
1805,0.001,1,65
1806,0.0,0,55
1807,0.002,2,52
1808,0.001,4,52
1809,0.0,0,70
1810,0.001,1,49
1811,0.0,1,50
1812,0.0,0,53
1813,0.002,7,43
1814,0.0,1,97
1815,0.004,5,229
1816,0.0,1,87
1817,0.006,9,107
1818,0.003,7,74
1819,0.001,3,68
1820,0.001,1,52
1821,0.0,3,74
1822,0.0,1,89
1823,0.0,4,54
1824,0.003,1,49
1825,0.0,1,58
1826,0.001,0,59
1827,0.0,2,77
1828,0.001,1,72
1829,0.001,0,65
1830,0.0,2,49
1831,0.001,1,78
1832,0.0,0,107
1833,0.0,0,110
1834,0.0,1,57
1835,0.0,3,60
1836,0.0,1,58
1837,0.0,0,61
1838,0.0,1,66
1839,0.0,1,74
1840,0.0,1,58
1841,0.0,3,62
1842,0.0,0,53
1843,0.0,0,77
1844,0.0,0,78
1845,0.0,0,64
1846,0.0,0,58
1847,0.0,1,60
1848,0.0,0,57
1849,0.0,6,57
1850,0.002,3,59
1851,0.003,4,50
1852,0.0,1,71
1853,0.001,1,50
1854,0.004,1,55
1855,0.0,6,59
1856,0.0,0,79
1857,0.001,3,88
1858,0.004,6,65
1859,0.0,0,53
1860,0.0,0,53
1861,0.002,3,60
1862,0.004,3,48
1863,0.002,1,72
1864,0.0,0,55
1865,0.0,1,53
1866,0.0,0,88
1867,0.0,4,91
1868,0.001,0,92
1869,0.001,3,53
1870,0.001,0,50
1871,0.002,0,53
1872,0.0,0,53
1873,0.0,0,53
1874,0.013000000000000001,18,87
1875,0.004,5,49
1876,0.003,11,120
1877,0.0,4,74
1878,0.001,5,119
1879,0.0,0,73
1880,0.0,0,64
1881,0.001,0,110
1882,0.001,7,65
1883,0.002,2,101
1884,0.0,1,49
1885,0.0,1,55
1886,0.0,1,71
1887,0.0,0,130
1888,0.008,6,51
1889,0.0,1,71
1890,0.0,0,69
1891,0.0,1,51
1892,0.0,1,62
1893,0.0,5,96
1894,0.0,0,83
1895,0.0,4,53
1896,0.0,4,82
1897,0.0,2,86
1898,0.001,0,78
1899,0.0,0,67
1900,0.0,0,83
1901,0.001,2,50
1902,0.0,1,59
1903,0.0,1,55
1904,0.0,0,72
1905,0.0,0,56
1906,0.0,0,60
1907,0.0,1,52
1908,0.0,1,61
1909,0.012,9,59
1910,0.038,55,208
1911,0.002,4,64
1912,0.001,6,129
1913,0.001,3,50
1914,0.005,12,135
1915,0.0,2,186
1916,0.0,0,141
1917,0.001,8,65
1918,0.0,1,51
1919,0.004,3,52
1920,0.0,3,63
1921,0.0,0,58
1922,0.0,1,70
1923,0.0,2,78
1924,0.0,1,53
1925,0.001,7,104
1926,0.0,1,63
1927,0.0,3,60
1928,0.001,0,129
1929,0.0,0,54
1930,0.0,0,58
1931,0.0,1,58
1932,0.0,0,53
1933,0.0,2,108
1934,0.0,0,105
1935,0.0,1,55
1936,0.0,1,54
1937,0.0,0,71
1938,0.0,0,75
1939,0.0,0,123
1940,0.001,1,48
1941,0.0,0,57
1942,0.0,0,61
1943,0.0,1,64
1944,0.0,0,106
1945,0.0,2,50
1946,0.0,0,69
1947,0.0,0,64
1948,0.0,0,55
1949,0.013000000000000001,19,98
1950,0.005,6,42
1951,0.002,7,44
1952,0.004,5,85
1953,0.001,11,103
1954,0.0,0,57
1955,0.0,1,85
1956,0.006,6,43
1957,0.007,6,73
1958,0.007,6,80
1959,0.0,1,54
1960,0.0,4,68
1961,0.005,2,86
1962,0.0,0,55
1963,0.0,1,97
1964,0.0,1,69
1965,0.0,1,61
1966,0.0,0,57
1967,0.001,2,64
1968,0.0,2,88
1969,0.0,1,56
1970,0.0,0,70
1971,0.0,1,63
1972,0.001,2,75
1973,0.0,0,56
1974,0.0,0,59
1975,0.0,1,68
1976,0.0,0,59
1977,0.0,0,80
1978,0.0,0,57
1979,0.0,0,57
1980,0.001,7,170
1981,0.016,20,124
1982,0.001,2,54
1983,0.01,7,47
1984,0.002,7,53
1985,0.001,1,73
1986,0.005,9,46
1987,0.001,6,230
1988,0.0,0,75
1989,0.003,2,76
1990,0.004,5,48
1991,0.0,0,69
1992,0.002,2,193
1993,0.0,0,69
1994,0.0,0,84
1995,0.001,2,49
1996,0.001,5,84
1997,0.0,1,76
1998,0.0,1,54
1999,0.0,0,63
2000,0.0,1,81
2001,0.0,1,89
2002,0.0,1,57
2003,0.0,0,70
2004,0.0,0,67
2005,0.001,2,48
2006,0.0,0,70
2007,0.0,0,62
2008,0.002,2,61
2009,0.0,0,85
2010,0.0,0,112
2011,0.0,0,54
2012,0.0,0,54
2013,0.0,2,52
2014,0.0,0,66
2015,0.0,0,53
2016,0.0,0,61
2017,0.0,0,53
2018,0.001,0,50
2019,0.0,0,65
2020,0.013000000000000001,23,165
2021,0.001,2,54
2022,0.003,8,63
2023,0.001,3,50
2024,0.0,3,47
2025,0.001,2,98
2026,0.0,2,65
2027,0.003,1,49
2028,0.0,0,67
2029,0.0,1,89
2030,0.0,2,67
2031,0.0,1,88
2032,0.0,0,56
2033,0.0,5,55
2034,0.0,6,52
2035,0.0,2,62
2036,0.0,0,106
2037,0.0,0,72
2038,0.0,1,64
2039,0.0,0,68
2040,0.0,2,54
2041,0.001,2,51
2042,0.0,0,52
2043,0.0,0,64
2044,0.0,0,67
2045,0.02,33,142
2046,0.01,6,91
2047,0.004,5,76
2048,0.005,2,95
2049,0.003,7,174
2050,0.0,1,89
2051,0.0,0,89
2052,0.0,1,49
2053,0.0,0,53
2054,0.0,0,59
2055,0.0,3,62
2056,0.003,7,63
2057,0.0,1,66
2058,0.0,2,73
2059,0.001,0,49
2060,0.001,1,96
2061,0.0,2,55
2062,0.002,2,57
2063,0.0,2,59
2064,0.0,0,62
2065,0.0,2,71
2066,0.0,1,67
2067,0.001,2,77
2068,0.001,3,47
2069,0.001,0,54
2070,0.0,0,71
2071,0.001,1,97
2072,0.0,1,92
2073,0.001,2,64
2074,0.0,1,68
2075,0.001,1,59
2076,0.0,1,74
2077,0.0,1,51
2078,0.0,1,67
2079,0.0,3,72
2080,0.001,2,65
2081,0.0,0,50
2082,0.0,0,53
2083,0.0,1,55
2084,0.0,1,55
2085,0.0,0,50
2086,0.0,0,53
2087,0.0,5,48
2088,0.0,5,73
2089,0.003,11,51
2090,0.0,0,57
2091,0.004,6,46
2092,0.006,2,60
2093,0.0,4,62
2094,0.001,5,65
2095,0.0,1,53
2096,0.001,2,61
2097,0.002,4,73
2098,0.0,0,82
2099,0.0,3,78
2100,0.001,5,47
2101,0.0,0,131
2102,0.0,2,77
2103,0.0,0,52
2104,0.0,2,68
2105,0.001,1,78
2106,0.0,3,49
2107,0.0,1,71
2108,0.0,0,81
2109,0.0,2,59
2110,0.0,1,67
2111,0.0,0,82
2112,0.007,9,88
2113,0.003,4,87
2114,0.004,11,38
2115,0.003,4,90
2116,0.002,4,50
2117,0.0,0,62
2118,0.004,12,105
2119,0.002,5,53
2120,0.0,0,58
2121,0.0,3,59
2122,0.0,2,55
2123,0.005,6,62
2124,0.005,7,106
2125,0.0,0,73
2126,0.0,1,59
2127,0.0,2,79
2128,0.0,0,53
2129,0.002,6,63
2130,0.0,0,92
2131,0.0,0,55
2132,0.0,0,61
2133,0.0,0,105
2134,0.0,1,83
2135,0.0,0,59
2136,0.0,0,63
2137,0.0,1,54
2138,0.0,2,85
2139,0.0,0,53
2140,0.0,0,73
2141,0.0,0,53
2142,0.0,4,59
2143,0.025,43,193
2144,0.0,0,76
2145,0.001,5,193
2146,0.0,0,55
2147,0.0,2,53
2148,0.0,0,61
2149,0.0,0,61
2150,0.001,1,69
2151,0.0,1,88
2152,0.002,5,62
2153,0.0,1,73
2154,0.002,6,58
2155,0.0,0,81
2156,0.0,1,73
2157,0.001,1,59
2158,0.001,1,49
2159,0.0,0,57
2160,0.0,1,64
2161,0.0,0,55
2162,0.0,0,66
2163,0.002,1,50
2164,0.0,0,74
2165,0.0,0,69
2166,0.0,0,56
2167,0.0,0,51
2168,0.0,0,58
2169,0.0,0,59
2170,0.0,1,62
2171,0.003,4,65
2172,0.005,1,54
2173,0.004,5,99
2174,0.001,7,50
2175,0.005,19,67
2176,0.0,3,52
2177,0.003,4,45
2178,0.0,0,82
2179,0.001,6,48
2180,0.005,5,140
2181,0.0,2,92
2182,0.001,0,95
2183,0.002,9,44
2184,0.002,12,76
2185,0.008,7,50
2186,0.002,11,141
2187,0.002,8,41
2188,0.001,4,69
2189,0.002,2,127
2190,0.0,1,88
2191,0.001,1,76
2192,0.0,0,120
2193,0.0,0,118
2194,0.0,0,78
2195,0.0,0,53
2196,0.0,1,56
2197,0.0,0,70
2198,0.0,0,55
2199,0.0,0,55
2200,0.0,0,55
2201,0.0,2,56
2202,0.0,1,53
2203,0.0,0,52
2204,0.0,6,53
2205,0.004,7,58
2206,0.003,9,109
2207,0.009000000000000001,5,47
2208,0.0,2,60
2209,0.006,7,63
2210,0.002,6,49
2211,0.003,4,51
2212,0.0,3,211
2213,0.002,2,60
2214,0.0,0,58
2215,0.002,4,45
2216,0.011,11,56
2217,0.0,2,62
2218,0.001,9,55
2219,0.0,0,94
2220,0.0,1,103
2221,0.0,0,60
2222,0.0,0,60
2223,0.0,0,59
2224,0.001,4,50
2225,0.0,1,59
2226,0.0,0,57
2227,0.0,2,58
2228,0.0,0,57
2229,0.0,0,61
2230,0.001,0,71
2231,0.0,0,53
2232,0.0,1,73
2233,0.0,0,54
2234,0.0,0,56
2235,0.004,3,66
2236,0.0,1,59
2237,0.004,4,59
2238,0.0,6,77
2239,0.007,8,47
2240,0.0,0,58
2241,0.005,6,80
2242,0.001,0,94
2243,0.0,1,72
2244,0.0,0,63
2245,0.0,0,52
2246,0.0,1,61
2247,0.002,7,85
2248,0.0,0,58
2249,0.0,0,71
2250,0.0,0,65
2251,0.0,0,51
2252,0.0,0,60
2253,0.0,0,54
2254,0.0,0,56
2255,0.0,0,68
2256,0.0,1,54
2257,0.0,0,63
2258,0.0,1,65
2259,0.0,0,60
2260,0.0,0,57
2261,0.0,0,70
2262,0.0,0,53
2263,0.0,0,57
2264,0.0,1,50
2265,0.002,8,132
2266,0.006,14,83
2267,0.004,7,79
2268,0.0,3,59
2269,0.0,0,51
2270,0.001,6,110
2271,0.002,5,54
2272,0.0,1,55
2273,0.01,13,60
2274,0.003,4,44
2275,0.0,5,47
2276,0.0,0,73
2277,0.0,1,107
2278,0.001,0,50
2279,0.0,0,57
2280,0.001,2,90
2281,0.0,1,63
2282,0.001,4,59
2283,0.001,3,93
2284,0.0,0,50
2285,0.0,5,52
2286,0.0,0,55
2287,0.0,0,67
2288,0.0,0,78
2289,0.0,0,59
2290,0.0,0,65
2291,0.0,1,55
2292,0.0,1,52
2293,0.0,0,64
2294,0.0,0,54
2295,0.0,1,56
2296,0.0,0,59
2297,0.0,0,55
2298,0.006,3,92
2299,0.035,73,401
2300,0.001,5,51
2301,0.004,8,58
2302,0.003,4,56
2303,0.002,3,46
2304,0.0,8,44
2305,0.002,1,64
2306,0.002,4,47
2307,0.0,6,92
2308,0.0,0,52
2309,0.0,2,62
2310,0.0,0,50
2311,0.0,0,84
2312,0.0,1,55
2313,0.0,0,62
2314,0.0,0,52
2315,0.0,0,125
2316,0.0,0,68
2317,0.001,1,64
2318,0.001,1,57
2319,0.002,4,48
2320,0.0,0,62
2321,0.0,0,88
2322,0.0,1,118
2323,0.0,1,53
2324,0.0,5,70
2325,0.0,0,60
2326,0.0,0,55
2327,0.001,0,53
2328,0.0,0,56
2329,0.0,0,58
2330,0.0,1,62
2331,0.0,0,61
2332,0.0,0,72
2333,0.0,1,63
2334,0.0,0,64
2335,0.0,0,62
2336,0.0,0,59
2337,0.0,0,53
2338,0.0,0,51
2339,0.003,9,60
2340,0.001,2,47
2341,0.001,5,50
2342,0.006,10,64
2343,0.019,30,174
2344,0.004,3,78
2345,0.014,18,64
2346,0.002,11,151
2347,0.0,1,70
2348,0.0,0,55
2349,0.001,2,66
2350,0.0,2,54
2351,0.0,2,93
2352,0.0,1,127
2353,0.0,1,54
2354,0.0,0,52
2355,0.0,5,85
2356,0.001,2,96
2357,0.001,0,89
2358,0.0,2,61
2359,0.0,1,58
2360,0.0,1,61
2361,0.001,0,105
2362,0.0,0,59
2363,0.0,0,57
2364,0.001,1,56
2365,0.0,0,83
2366,0.0,0,53
2367,0.0,0,54
2368,0.0,0,61
2369,0.0,1,57
2370,0.006,8,62
2371,0.001,2,53
2372,0.005,5,51
2373,0.007,19,89
2374,0.001,4,50
2375,0.003,3,91
2376,0.0,8,73
2377,0.003,4,74
2378,0.003,4,99
2379,0.003,11,175
2380,0.004,6,81
2381,0.0,0,70
2382,0.0,0,111
2383,0.001,2,83
2384,0.001,5,72
2385,0.0,1,58
2386,0.001,1,129
2387,0.0,5,88
2388,0.0,0,59
2389,0.001,5,52
2390,0.0,1,74
2391,0.0,0,56
2392,0.0,0,55
2393,0.0,0,55
2394,0.001,13,47
2395,0.004,9,89
2396,0.001,6,67
2397,0.0,2,239
2398,0.002,3,63
2399,0.0,0,65
2400,0.002,2,57
2401,0.001,3,58
2402,0.001,9,66
2403,0.0,2,104
2404,0.0,1,90
2405,0.001,3,48
2406,0.0,0,113
2407,0.0,0,57
2408,0.0,0,83
2409,0.0,0,68
2410,0.0,1,58
2411,0.0,0,60
2412,0.0,0,62
2413,0.0,0,54
2414,0.0,0,52
2415,0.003,2,52
2416,0.004,5,84
2417,0.0,0,75
2418,0.002,6,48
2419,0.001,2,75
2420,0.003,8,48
2421,0.007,5,45
2422,0.001,7,76
2423,0.001,6,90
2424,0.003,8,59
2425,0.004,4,131
2426,0.002,1,61
2427,0.003,3,51
2428,0.002,2,58
2429,0.001,0,64
2430,0.003,1,60
2431,0.002,4,91
2432,0.0,0,70
2433,0.0,0,78
2434,0.0,0,58
2435,0.001,0,52
2436,0.0,1,62
2437,0.0,0,58
2438,0.0,1,56
2439,0.0,0,56
2440,0.0,0,51
2441,0.003,12,71
2442,0.006,12,51
2443,0.002,4,47
2444,0.007,8,40
2445,0.001,2,179
2446,0.0,1,73
2447,0.001,3,108
2448,0.004,8,47
2449,0.0,0,63
2450,0.002,6,53
2451,0.001,0,59
2452,0.001,0,59
2453,0.004,3,49
2454,0.001,1,88
2455,0.002,2,48
2456,0.0,0,50
2457,0.0,0,74
2458,0.0,1,56
2459,0.005,22,87
2460,0.002,9,45
2461,0.003,7,60
2462,0.006,8,93
2463,0.008,12,102
2464,0.001,12,59
2465,0.002,5,73
2466,0.002,6,55
2467,0.007,7,69
2468,0.002,3,58
2469,0.001,2,50
2470,0.0,7,111
2471,0.005,8,80
2472,0.005,9,46
2473,0.003,9,76
2474,0.0,0,64
2475,0.002,10,108
2476,0.004,2,81
2477,0.0,0,63
2478,0.001,7,84
2479,0.001,1,72
2480,0.001,6,53
2481,0.0,2,55
2482,0.0,2,60
2483,0.0,1,55
2484,0.0,1,62
2485,0.0,0,56
2486,0.0,0,56
2487,0.001,6,43
2488,0.005,10,59
2489,0.003,4,105
2490,0.002,0,55
2491,0.0,2,67
2492,0.002,3,59
2493,0.0,2,68
2494,0.001,0,74
2495,0.001,3,58
2496,0.001,2,75
2497,0.0,3,52
2498,0.001,0,56
2499,0.001,7,50
2500,0.0,0,63
2501,0.001,0,64
2502,0.0,1,62
2503,0.0,1,56
2504,0.0,3,53
2505,0.006,6,124
2506,0.0,2,71
2507,0.016,28,115
2508,0.01,14,119
2509,0.002,3,53
2510,0.001,5,47
2511,0.002,5,53
2512,0.007,15,135
2513,0.002,2,46
2514,0.0,1,85
2515,0.001,9,102
2516,0.002,4,60
2517,0.004,3,57
2518,0.0,2,53
2519,0.0,0,67
2520,0.001,5,115
2521,0.0,2,52
2522,0.0,2,76
2523,0.002,3,47
2524,0.0,0,54
2525,0.0,0,57
2526,0.001,3,73
2527,0.002,0,55
2528,0.0,1,63
2529,0.001,2,57
2530,0.0,0,69
2531,0.0,4,58
2532,0.001,7,49
2533,0.0,2,53
2534,0.003,0,49
2535,0.0,7,67
2536,0.006,5,44
2537,0.001,4,113
2538,0.004,8,63
2539,0.001,1,61
2540,0.0,1,55
2541,0.0,0,63
2542,0.0,2,84
2543,0.0,0,52
2544,0.0,0,74
2545,0.0,0,52
2546,0.0,2,48
2547,0.003,7,56
2548,0.004,14,109
2549,0.004,17,146
2550,0.002,2,70
2551,0.008,16,85
2552,0.001,5,106
2553,0.002,8,42
2554,0.001,8,92
2555,0.001,10,68
2556,0.014,17,48
2557,0.005,2,63
2558,0.0,1,49
2559,0.001,1,65
2560,0.0,0,61
2561,0.0,0,60
2562,0.0,0,73
2563,0.0,4,51
2564,0.0,1,61
2565,0.003,5,48
2566,0.0,5,73
2567,0.001,3,71
2568,0.012,18,145
2569,0.002,12,40
2570,0.004,12,70
2571,0.003,3,62
2572,0.005,7,55
2573,0.0,2,71
2574,0.001,1,51
2575,0.003,13,68
2576,0.0,5,62
2577,0.001,5,44
2578,0.001,3,47
2579,0.0,8,77
2580,0.002,4,53
2581,0.003,5,95
2582,0.0,0,58
2583,0.002,3,60
2584,0.0,3,58
2585,0.001,3,52
2586,0.0,0,59
2587,0.0,1,62
2588,0.002,2,81
2589,0.005,4,53
2590,0.006,9,48
2591,0.002,11,77
2592,0.001,4,57
2593,0.004,6,71
2594,0.001,2,80
2595,0.01,9,99
2596,0.005,12,61
2597,0.004,16,116
2598,0.004,3,53
2599,0.008,11,54
2600,0.001,3,54
2601,0.002,2,54
2602,0.003,1,57
2603,0.0,1,72
2604,0.0,1,50
2605,0.004,8,81
2606,0.002,5,53
2607,0.001,3,63
2608,0.001,2,48
2609,0.0,0,59
2610,0.0,2,50
2611,0.001,2,57
2612,0.0,2,62
2613,0.0,2,60
2614,0.002,4,80
2615,0.001,5,61
2616,0.007,11,199
2617,0.011,9,79
2618,0.001,6,47
2619,0.001,7,91
2620,0.006,8,47
2621,0.001,11,74
2622,0.0,2,60
2623,0.0,2,148
2624,0.001,9,63
2625,0.0,1,53
2626,0.001,0,52
2627,0.0,5,47
2628,0.001,1,89
2629,0.002,6,44
2630,0.0,6,55
2631,0.0,2,69
2632,0.001,6,53
2633,0.003,9,125
2634,0.001,6,50
2635,0.001,4,62
2636,0.008,8,70
2637,0.0,2,56
2638,0.0,6,44
2639,0.002,2,52
2640,0.0,3,50
2641,0.005,7,66
2642,0.0,5,61
2643,0.0,2,49
2644,0.0,0,53
